site_id,domain,rank,tier,target_year,target_from,target_to,timestamp,original,status_code,mime_type,snapshot_url,downloaded,local_path,error_message
S000001,googleapis.com,7,Tier1,2022,20220501,20220930,,,,,,0,,missing_snapshot
S000001,googleapis.com,7,Tier1,2024,20240501,20240930,,,,,,0,,missing_snapshot
S000001,googleapis.com,7,Tier1,2026,20260501,20260714,,,,,,0,,missing_snapshot
S000002,akadns.net,26,Tier1,2022,20220501,20220930,,,,,,0,,missing_snapshot
S000002,akadns.net,26,Tier1,2024,20240501,20240930,,,,,,0,,missing_snapshot
S000002,akadns.net,26,Tier1,2026,20260501,20260714,,,,,,0,,missing_snapshot
S000003,domaincontrol.com,28,Tier1,2022,20220501,20220930,,,,,,0,,missing_snapshot
S000003,domaincontrol.com,28,Tier1,2024,20240501,20240930,,,,,,0,,missing_snapshot
S000003,domaincontrol.com,28,Tier1,2026,20260501,20260714,,,,,,0,,missing_snapshot
S000004,bing.com,31,Tier1,2022,20220601,20220831,20220715115947,https://www.bing.com/,200,text/html,https://web.archive.org/web/20220715115947/https://www.bing.com/,1,dataset\raw\wayback\2022\S000004.html,
S000004,bing.com,31,Tier1,2024,20240601,20240831,20240715120005,http://www.bing.com/,200,text/html,https://web.archive.org/web/20240715120005/http://www.bing.com/,1,dataset\raw\wayback\2024\S000004.html,
S000004,bing.com,31,Tier1,2026,20260601,20260714,20260713195259,https://www.bing.com/,200,text/html,https://web.archive.org/web/20260713195259/https://www.bing.com/,1,dataset\raw\wayback\2026\S000004.html,
S000005,fastly.net,33,Tier1,2022,20220501,20220930,,,,,,0,,missing_snapshot
S000005,fastly.net,33,Tier1,2024,20240501,20240930,,,,,,0,,missing_snapshot
S000005,fastly.net,33,Tier1,2026,20260501,20260714,,,,,,0,,missing_snapshot
S000006,youtu.be,45,Tier1,2022,20220501,20220930,,,,,,0,,missing_snapshot
S000006,youtu.be,45,Tier1,2024,20240501,20240930,,,,,,0,,missing_snapshot
S000006,youtu.be,45,Tier1,2026,20260501,20260714,,,,,,0,,missing_snapshot
S000007,skype.com,47,Tier1,2022,20220501,20220930,,,,,,0,,missing_snapshot
S000007,skype.com,47,Tier1,2024,20240501,20240930,,,,,,0,,missing_snapshot
S000007,skype.com,47,Tier1,2026,20260501,20260714,,,,,,0,,missing_snapshot
S000008,vimeo.com,72,Tier1,2022,20220601,20220831,20220715114950,https://vimeo.com/,200,text/html,https://web.archive.org/web/20220715114950/https://vimeo.com/,1,dataset\raw\wayback\2022\S000008.html,
S000008,vimeo.com,72,Tier1,2024,20240601,20240831,20240715104526,https://vimeo.com/,200,text/html,https://web.archive.org/web/20240715104526/https://vimeo.com/,1,dataset\raw\wayback\2024\S000008.html,
S000008,vimeo.com,72,Tier1,2026,20260601,20260714,20260714051431,https://vimeo.com/,200,text/html,https://web.archive.org/web/20260714051431/https://vimeo.com/,1,dataset\raw\wayback\2026\S000008.html,
S000009,nginx.org,81,Tier1,2022,20220601,20220831,20220716022449,http://nginx.org/,200,text/html,https://web.archive.org/web/20220716022449/http://nginx.org/,1,dataset\raw\wayback\2022\S000009.html,
S000009,nginx.org,81,Tier1,2024,20240601,20240831,20240716001326,http://nginx.org/,200,text/html,https://web.archive.org/web/20240716001326/http://nginx.org/,1,dataset\raw\wayback\2024\S000009.html,
S000009,nginx.org,81,Tier1,2026,20260601,20260714,20260712182531,https://nginx.org/,200,text/html,https://web.archive.org/web/20260712182531/https://nginx.org/,1,dataset\raw\wayback\2026\S000009.html,
S000010,baidu.com,82,Tier1,2022,20220601,20220831,20220715115725,http://www.baidu.com/,200,text/html,https://web.archive.org/web/20220715115725/http://www.baidu.com/,1,dataset\raw\wayback\2022\S000010.html,
S000010,baidu.com,82,Tier1,2024,20240601,20240831,20240715115854,http://www.baidu.com/,200,text/html,https://web.archive.org/web/20240715115854/http://www.baidu.com/,1,dataset\raw\wayback\2024\S000010.html,
S000010,baidu.com,82,Tier1,2026,20260601,20260714,20260714050724,https://www.baidu.com/,200,text/html,https://web.archive.org/web/20260714050724/https://www.baidu.com/,1,dataset\raw\wayback\2026\S000010.html,
S000101,yandex.com.tr,1038,Tier2,2022,20220601,20220831,20220715115303,https://yandex.com.tr/,200,text/html,https://web.archive.org/web/20220715115303/https://yandex.com.tr/,1,dataset\raw\wayback\2022\S000101.html,
S000101,yandex.com.tr,1038,Tier2,2024,20240601,20240831,20240715115738,https://yandex.com.tr/,200,text/html,https://web.archive.org/web/20240715115738/https://yandex.com.tr/,1,dataset\raw\wayback\2024\S000101.html,
S000101,yandex.com.tr,1038,Tier2,2026,20260601,20260714,20260711074803,https://yandex.com.tr/,200,text/html,https://web.archive.org/web/20260711074803/https://yandex.com.tr/,1,dataset\raw\wayback\2026\S000101.html,
S000102,espncricinfo.com,1142,Tier2,2022,20220601,20220831,20220715110420,https://www.espncricinfo.com/,200,text/html,https://web.archive.org/web/20220715110420/https://www.espncricinfo.com/,1,dataset\raw\wayback\2022\S000102.html,
S000102,espncricinfo.com,1142,Tier2,2024,20240601,20240831,20240715121110,https://www.espncricinfo.com/,200,text/html,https://web.archive.org/web/20240715121110/https://www.espncricinfo.com/,1,dataset\raw\wayback\2024\S000102.html,
S000102,espncricinfo.com,1142,Tier2,2026,20260601,20260714,20260708050353,https://www.espncricinfo.com/,200,text/html,https://web.archive.org/web/20260708050353/https://www.espncricinfo.com/,1,dataset\raw\wayback\2026\S000102.html,
S000103,hotpepper.jp,1213,Tier2,2022,20220601,20220831,20220623101858,https://www.hotpepper.jp/,200,text/html,https://web.archive.org/web/20220623101858/https://www.hotpepper.jp/,1,dataset\raw\wayback\2022\S000103.html,
S000103,hotpepper.jp,1213,Tier2,2024,20240601,20240831,20240716200105,https://www.hotpepper.jp/,200,text/html,https://web.archive.org/web/20240716200105/https://www.hotpepper.jp/,1,dataset\raw\wayback\2024\S000103.html,
S000103,hotpepper.jp,1213,Tier2,2026,20260601,20260714,20260708153611,https://www.hotpepper.jp/,200,text/html,https://web.archive.org/web/20260708153611/https://www.hotpepper.jp/,1,dataset\raw\wayback\2026\S000103.html,
S000104,gazzetta.it,1233,Tier2,2022,20220601,20220831,20220715122224,https://www.gazzetta.it/,200,text/html,https://web.archive.org/web/20220715122224/https://www.gazzetta.it/,1,dataset\raw\wayback\2022\S000104.html,
S000104,gazzetta.it,1233,Tier2,2024,20240601,20240831,20240715113840,https://www.gazzetta.it/,200,text/html,https://web.archive.org/web/20240715113840/https://www.gazzetta.it/,1,dataset\raw\wayback\2024\S000104.html,
S000104,gazzetta.it,1233,Tier2,2026,20260601,20260714,20260713161748,https://www.gazzetta.it/,200,text/html,https://web.archive.org/web/20260713161748/https://www.gazzetta.it/,1,dataset\raw\wayback\2026\S000104.html,
S000105,neal.fun,1472,Tier2,2022,20220601,20220831,20220715220309,https://neal.fun/,200,text/html,https://web.archive.org/web/20220715220309/https://neal.fun/,1,dataset\raw\wayback\2022\S000105.html,
S000105,neal.fun,1472,Tier2,2024,20240601,20240831,20240715164746,https://neal.fun/,200,text/html,https://web.archive.org/web/20240715164746/https://neal.fun/,1,dataset\raw\wayback\2024\S000105.html,
S000105,neal.fun,1472,Tier2,2026,20260601,20260714,20260714024505,https://neal.fun/,200,text/html,https://web.archive.org/web/20260714024505/https://neal.fun/,1,dataset\raw\wayback\2026\S000105.html,
S000106,arca.live,1513,Tier2,2022,20220601,20220831,20220715104938,https://arca.live/,200,text/html,https://web.archive.org/web/20220715104938/https://arca.live/,1,dataset\raw\wayback\2022\S000106.html,
S000106,arca.live,1513,Tier2,2024,20240601,20240831,20240714224327,https://arca.live/,200,text/html,https://web.archive.org/web/20240714224327/https://arca.live/,1,dataset\raw\wayback\2024\S000106.html,
S000106,arca.live,1513,Tier2,2026,20260601,20260714,20260709032434,https://arca.live/,200,text/html,https://web.archive.org/web/20260709032434/https://arca.live/,1,dataset\raw\wayback\2026\S000106.html,
S000107,ak2yy.com,1611,Tier2,2022,20220501,20220930,,,,,,0,,missing_snapshot
S000107,ak2yy.com,1611,Tier2,2024,20240601,20240831,20240822210412,http://ak2yy.com/,200,text/html,https://web.archive.org/web/20240822210412/http://ak2yy.com/,0,,invalid_html
S000107,ak2yy.com,1611,Tier2,2026,20260501,20260714,,,,,,0,,missing_snapshot
S000108,okxxx1.com,1634,Tier2,2022,20220501,20220930,,,,,,0,,missing_snapshot
S000108,okxxx1.com,1634,Tier2,2024,20240601,20240831,20240711135513,https://okxxx1.com/,200,text/html,https://web.archive.org/web/20240711135513/https://okxxx1.com/,1,dataset\raw\wayback\2024\S000108.html,
S000108,okxxx1.com,1634,Tier2,2026,20260501,20260714,20260515095906,https://okxxx1.com/,200,text/html,https://web.archive.org/web/20260515095906/https://okxxx1.com/,1,dataset\raw\wayback\2026\S000108.html,
S000109,triunfobet.com,1753,Tier2,2022,20220601,20220831,20220708093046,https://triunfobet.com/,200,text/html,https://web.archive.org/web/20220708093046/https://triunfobet.com/,1,dataset\raw\wayback\2022\S000109.html,
S000109,triunfobet.com,1753,Tier2,2024,20240601,20240831,20240723025235,https://triunfobet.com,200,text/html,https://web.archive.org/web/20240723025235/https://triunfobet.com,1,dataset\raw\wayback\2024\S000109.html,
S000109,triunfobet.com,1753,Tier2,2026,20260601,20260714,20260709063951,https://triunfobet.com/,200,text/html,https://web.archive.org/web/20260709063951/https://triunfobet.com/,1,dataset\raw\wayback\2026\S000109.html,
S000110,sky.com,1968,Tier2,2022,20220601,20220831,20220715123141,https://www.sky.com/,200,text/html,https://web.archive.org/web/20220715123141/https://www.sky.com/,1,dataset\raw\wayback\2022\S000110.html,
S000110,sky.com,1968,Tier2,2024,20240601,20240831,20240715115907,https://www.sky.com/,200,text/html,https://web.archive.org/web/20240715115907/https://www.sky.com/,1,dataset\raw\wayback\2024\S000110.html,
S000110,sky.com,1968,Tier2,2026,20260601,20260714,20260711235747,https://www.sky.com/,200,text/html,https://web.archive.org/web/20260711235747/https://www.sky.com/,1,dataset\raw\wayback\2026\S000110.html,
S000111,cctv.com,2277,Tier2,2022,20220601,20220831,20220715123108,https://www.cctv.com/,200,text/html,https://web.archive.org/web/20220715123108/https://www.cctv.com/,1,dataset\raw\wayback\2022\S000111.html,
S000111,cctv.com,2277,Tier2,2024,20240601,20240831,20240715115406,https://www.cctv.com/,200,text/html,https://web.archive.org/web/20240715115406/https://www.cctv.com/,1,dataset\raw\wayback\2024\S000111.html,
S000111,cctv.com,2277,Tier2,2026,20260601,20260714,20260713232142,https://www.cctv.com/,200,text/html,https://web.archive.org/web/20260713232142/https://www.cctv.com/,1,dataset\raw\wayback\2026\S000111.html,
S000112,pcmag.com,2379,Tier2,2022,20220601,20220831,20220715120504,https://www.pcmag.com/,200,text/html,https://web.archive.org/web/20220715120504/https://www.pcmag.com/,1,dataset\raw\wayback\2022\S000112.html,
S000112,pcmag.com,2379,Tier2,2024,20240601,20240831,20240715123004,https://www.pcmag.com/,200,text/html,https://web.archive.org/web/20240715123004/https://www.pcmag.com/,1,dataset\raw\wayback\2024\S000112.html,
S000112,pcmag.com,2379,Tier2,2026,20260601,20260714,20260713043030,https://www.pcmag.com/,200,text/html,https://web.archive.org/web/20260713043030/https://www.pcmag.com/,1,dataset\raw\wayback\2026\S000112.html,
S000113,match.com,2625,Tier2,2022,20220601,20220831,20220715130721,https://www.match.com/,200,text/html,https://web.archive.org/web/20220715130721/https://www.match.com/,1,dataset\raw\wayback\2022\S000113.html,
S000113,match.com,2625,Tier2,2024,20240601,20240831,20240715104504,https://www.match.com/,200,text/html,https://web.archive.org/web/20240715104504/https://www.match.com/,1,dataset\raw\wayback\2024\S000113.html,
S000113,match.com,2625,Tier2,2026,20260601,20260714,20260708051730,https://www.match.com/,200,text/html,https://web.archive.org/web/20260708051730/https://www.match.com/,1,dataset\raw\wayback\2026\S000113.html,
S000114,qunar.com,3059,Tier2,2022,20220601,20220831,20220715200101,https://www.qunar.com/,200,text/html,https://web.archive.org/web/20220715200101/https://www.qunar.com/,1,dataset\raw\wayback\2022\S000114.html,
S000114,qunar.com,3059,Tier2,2024,20240601,20240831,20240715212046,https://www.qunar.com/,200,text/html,https://web.archive.org/web/20240715212046/https://www.qunar.com/,1,dataset\raw\wayback\2024\S000114.html,
S000114,qunar.com,3059,Tier2,2026,20260601,20260714,20260602165314,https://www.qunar.com/,200,text/html,https://web.archive.org/web/20260602165314/https://www.qunar.com/,1,dataset\raw\wayback\2026\S000114.html,
S000115,iz.ru,3104,Tier2,2022,20220601,20220831,20220715120137,https://iz.ru/,200,text/html,https://web.archive.org/web/20220715120137/https://iz.ru/,1,dataset\raw\wayback\2022\S000115.html,
S000115,iz.ru,3104,Tier2,2024,20240601,20240831,20240715115512,https://iz.ru/,200,text/html,https://web.archive.org/web/20240715115512/https://iz.ru/,1,dataset\raw\wayback\2024\S000115.html,
S000115,iz.ru,3104,Tier2,2026,20260601,20260714,20260702023021,https://iz.ru/,200,text/html,https://web.archive.org/web/20260702023021/https://iz.ru/,1,dataset\raw\wayback\2026\S000115.html,
S000116,macys.com,3362,Tier2,2022,20220601,20220831,20220715124036,https://www.macys.com/,200,text/html,https://web.archive.org/web/20220715124036/https://www.macys.com/,1,dataset\raw\wayback\2022\S000116.html,
S000116,macys.com,3362,Tier2,2024,20240601,20240831,20240715111033,https://www.macys.com/,200,text/html,https://web.archive.org/web/20240715111033/https://www.macys.com/,1,dataset\raw\wayback\2024\S000116.html,
S000116,macys.com,3362,Tier2,2026,20260601,20260714,20260616073439,https://www.macys.com/,200,text/html,https://web.archive.org/web/20260616073439/https://www.macys.com/,1,dataset\raw\wayback\2026\S000116.html,
S000117,cia.gov,3605,Tier2,2022,20220501,20220930,,,,,,0,,missing_snapshot
S000117,cia.gov,3605,Tier2,2024,20240601,20240831,20240715015256,https://www.cia.gov/,200,text/html,https://web.archive.org/web/20240715015256/https://www.cia.gov/,1,dataset\raw\wayback\2024\S000117.html,
S000117,cia.gov,3605,Tier2,2026,20260601,20260714,20260709041310,https://www.cia.gov/,200,text/html,https://web.archive.org/web/20260709041310/https://www.cia.gov/,1,dataset\raw\wayback\2026\S000117.html,
S000118,google.co.kr,3615,Tier2,2022,20220601,20220831,20220715062001,http://www.google.co.kr/,200,text/html,https://web.archive.org/web/20220715062001/http://www.google.co.kr/,1,dataset\raw\wayback\2022\S000118.html,
S000118,google.co.kr,3615,Tier2,2024,20240601,20240831,20240715115517,http://www.google.co.kr/,200,text/html,https://web.archive.org/web/20240715115517/http://www.google.co.kr/,1,dataset\raw\wayback\2024\S000118.html,
S000118,google.co.kr,3615,Tier2,2026,20260501,20260714,,,,,,0,,missing_snapshot
S000119,chrome.com,3742,Tier2,2022,20220501,20220930,,,,,,0,,missing_snapshot
S000119,chrome.com,3742,Tier2,2024,20240501,20240930,,,,,,0,,missing_snapshot
S000119,chrome.com,3742,Tier2,2026,20260501,20260714,,,,,,0,,missing_snapshot
S000120,google.co.nz,3890,Tier2,2022,20220601,20220831,20220715130149,http://www.google.co.nz/,200,text/html,https://web.archive.org/web/20220715130149/http://www.google.co.nz/,1,dataset\raw\wayback\2022\S000120.html,
S000120,google.co.nz,3890,Tier2,2024,20240601,20240831,20240715115517,http://www.google.co.nz/,200,text/html,https://web.archive.org/web/20240715115517/http://www.google.co.nz/,1,dataset\raw\wayback\2024\S000120.html,
S000120,google.co.nz,3890,Tier2,2026,20260501,20260714,,,,,,0,,missing_snapshot
S000121,proxmox.com,4088,Tier2,2022,20220501,20220930,,,,,,0,,missing_snapshot
S000121,proxmox.com,4088,Tier2,2024,20240501,20240930,,,,,,0,,missing_snapshot
S000121,proxmox.com,4088,Tier2,2026,20260501,20260714,,,,,,0,,missing_snapshot
S000122,hubspotusercontent-na1.net,4287,Tier2,2022,20220501,20220930,,,,,,0,,missing_snapshot
S000122,hubspotusercontent-na1.net,4287,Tier2,2024,20240501,20240930,,,,,,0,,missing_snapshot
S000122,hubspotusercontent-na1.net,4287,Tier2,2026,20260501,20260714,,,,,,0,,missing_snapshot
S000123,ivideon.com,4316,Tier2,2022,20220601,20220831,20220713193620,https://www.ivideon.com/,200,text/html,https://web.archive.org/web/20220713193620/https://www.ivideon.com/,1,dataset\raw\wayback\2022\S000123.html,
S000123,ivideon.com,4316,Tier2,2024,20240601,20240831,20240715111952,https://www.ivideon.com./,200,text/html,https://web.archive.org/web/20240715111952/https://www.ivideon.com./,1,dataset\raw\wayback\2024\S000123.html,
S000123,ivideon.com,4316,Tier2,2026,20260601,20260714,20260620055600,https://www.ivideon.com/,200,text/html,https://web.archive.org/web/20260620055600/https://www.ivideon.com/,1,dataset\raw\wayback\2026\S000123.html,
S000124,fitbit.com,4330,Tier2,2022,20220501,20220930,,,,,,0,,missing_snapshot
S000124,fitbit.com,4330,Tier2,2024,20240501,20240930,,,,,,0,,missing_snapshot
S000124,fitbit.com,4330,Tier2,2026,20260501,20260714,,,,,,0,,missing_snapshot
S000125,capcutapi.us,4551,Tier2,2022,20220501,20220930,,,,,,0,,missing_snapshot
S000125,capcutapi.us,4551,Tier2,2024,20240501,20240930,,,,,,0,,missing_snapshot
S000125,capcutapi.us,4551,Tier2,2026,20260501,20260714,,,,,,0,,missing_snapshot
S000126,samsung-gamelauncher.com,4666,Tier2,2022,20220501,20220930,,,,,,0,,missing_snapshot
S000126,samsung-gamelauncher.com,4666,Tier2,2024,20240501,20240930,,,,,,0,,missing_snapshot
S000126,samsung-gamelauncher.com,4666,Tier2,2026,20260501,20260714,,,,,,0,,missing_snapshot
S000127,ecombdapi.com,4728,Tier2,2022,20220501,20220930,,,,,,0,,missing_snapshot
S000127,ecombdapi.com,4728,Tier2,2024,20240501,20240930,,,,,,0,,missing_snapshot
S000127,ecombdapi.com,4728,Tier2,2026,20260501,20260714,,,,,,0,,missing_snapshot
S000128,iranlms.ir,4747,Tier2,2022,20220601,20220831,20220809230138,http://iranlms.ir/,200,text/html,https://web.archive.org/web/20220809230138/http://iranlms.ir/,1,dataset\raw\wayback\2022\S000128.html,
S000128,iranlms.ir,4747,Tier2,2024,20240501,20240930,,,,,,0,,missing_snapshot
S000128,iranlms.ir,4747,Tier2,2026,20260501,20260714,,,,,,0,,missing_snapshot
S000129,manutouch.com.cn,4797,Tier2,2022,20220501,20220930,20220501170409,https://www.manutouch.com.cn/,200,text/html,https://web.archive.org/web/20220501170409/https://www.manutouch.com.cn/,1,dataset\raw\wayback\2022\S000129.html,
S000129,manutouch.com.cn,4797,Tier2,2024,20240601,20240831,20240831093222,https://www.manutouch.com.cn/,200,text/html,https://web.archive.org/web/20240831093222/https://www.manutouch.com.cn/,1,dataset\raw\wayback\2024\S000129.html,
S000129,manutouch.com.cn,4797,Tier2,2026,20260501,20260714,,,,,,0,,missing_snapshot
S000130,kommersant.ru,4833,Tier2,2022,20220601,20220831,20220715122729,https://www.kommersant.ru:443/,200,text/html,https://web.archive.org/web/20220715122729/https://www.kommersant.ru:443/,1,dataset\raw\wayback\2022\S000130.html,
S000130,kommersant.ru,4833,Tier2,2024,20240601,20240831,20240715122436,https://www.kommersant.ru/,200,text/html,https://web.archive.org/web/20240715122436/https://www.kommersant.ru/,1,dataset\raw\wayback\2024\S000130.html,
S000130,kommersant.ru,4833,Tier2,2026,20260601,20260714,20260708054052,https://www.kommersant.ru/,200,text/html,https://web.archive.org/web/20260708054052/https://www.kommersant.ru/,1,dataset\raw\wayback\2026\S000130.html,
S000131,campaign-archive.com,4843,Tier2,2022,20220501,20220930,,,,,,0,,missing_snapshot
S000131,campaign-archive.com,4843,Tier2,2024,20240501,20240930,,,,,,0,,missing_snapshot
S000131,campaign-archive.com,4843,Tier2,2026,20260501,20260714,,,,,,0,,missing_snapshot
S000132,softpedia.com,4859,Tier2,2022,20220601,20220831,20220715163205,https://www.softpedia.com/,200,text/html,https://web.archive.org/web/20220715163205/https://www.softpedia.com/,1,dataset\raw\wayback\2022\S000132.html,
S000132,softpedia.com,4859,Tier2,2024,20240601,20240831,20240715111033,https://www.softpedia.com/,200,text/html,https://web.archive.org/web/20240715111033/https://www.softpedia.com/,1,dataset\raw\wayback\2024\S000132.html,
S000132,softpedia.com,4859,Tier2,2026,20260601,20260714,20260709202709,https://www.softpedia.com/,200,text/html,https://web.archive.org/web/20260709202709/https://www.softpedia.com/,1,dataset\raw\wayback\2026\S000132.html,
S000133,emirates.com,4973,Tier2,2022,20220501,20220930,,,,,,0,,missing_snapshot
S000133,emirates.com,4973,Tier2,2024,20240501,20240930,,,,,,0,,missing_snapshot
S000133,emirates.com,4973,Tier2,2026,20260501,20260714,,,,,,0,,missing_snapshot
S000134,mx-ns.mx,4995,Tier2,2022,20220501,20220930,,,,,,0,,missing_snapshot
S000134,mx-ns.mx,4995,Tier2,2024,20240501,20240930,,,,,,0,,missing_snapshot
S000134,mx-ns.mx,4995,Tier2,2026,20260501,20260714,,,,,,0,,missing_snapshot
S000135,mobileiron.com,5164,Tier2,2022,20220501,20220930,,,,,,0,,missing_snapshot
S000135,mobileiron.com,5164,Tier2,2024,20240501,20240930,,,,,,0,,missing_snapshot
S000135,mobileiron.com,5164,Tier2,2026,20260501,20260714,,,,,,0,,missing_snapshot
S000136,controld.com,5197,Tier2,2022,20220601,20220831,20220722004754,https://controld.com/,200,text/html,https://web.archive.org/web/20220722004754/https://controld.com/,1,dataset\raw\wayback\2022\S000136.html,
S000136,controld.com,5197,Tier2,2024,20240601,20240831,20240717024848,https://controld.com/,200,text/html,https://web.archive.org/web/20240717024848/https://controld.com/,1,dataset\raw\wayback\2024\S000136.html,
S000136,controld.com,5197,Tier2,2026,20260601,20260714,20260704054322,https://controld.com/,200,text/html,https://web.archive.org/web/20260704054322/https://controld.com/,1,dataset\raw\wayback\2026\S000136.html,
S000137,missouri.edu,5338,Tier2,2022,20220601,20220831,20220718094645,https://missouri.edu/,200,text/html,https://web.archive.org/web/20220718094645/https://missouri.edu/,1,dataset\raw\wayback\2022\S000137.html,
S000137,missouri.edu,5338,Tier2,2024,20240601,20240831,20240715185839,https://tippettmosbyl@missouri.edu/,200,text/html,https://web.archive.org/web/20240715185839/https://tippettmosbyl@missouri.edu/,1,dataset\raw\wayback\2024\S000137.html,
S000137,missouri.edu,5338,Tier2,2026,20260601,20260714,20260710120954,https://missouri.edu/,200,text/html,https://web.archive.org/web/20260710120954/https://missouri.edu/,1,dataset\raw\wayback\2026\S000137.html,
S000138,mavrtracktor.com,5418,Tier2,2022,20220501,20220930,,,,,,0,,missing_snapshot
S000138,mavrtracktor.com,5418,Tier2,2024,20240501,20240930,,,,,,0,,missing_snapshot
S000138,mavrtracktor.com,5418,Tier2,2026,20260501,20260714,,,,,,0,,missing_snapshot
S000139,sberbank-tele.com,5454,Tier2,2022,20220501,20220930,,,,,,0,,missing_snapshot
S000139,sberbank-tele.com,5454,Tier2,2024,20240501,20240930,,,,,,0,,missing_snapshot
S000139,sberbank-tele.com,5454,Tier2,2026,20260501,20260714,,,,,,0,,missing_snapshot
S000140,hiddenvpn.ru,5491,Tier2,2022,20220501,20220930,,,,,,0,,missing_snapshot
S000140,hiddenvpn.ru,5491,Tier2,2024,20240501,20240930,,,,,,0,,missing_snapshot
S000140,hiddenvpn.ru,5491,Tier2,2026,20260501,20260714,,,,,,0,,missing_snapshot
S000501,btn.co.id,50426,Tier3,2022,20220601,20220831,20220712055111,https://www.btn.co.id/,200,text/html,https://web.archive.org/web/20220712055111/https://www.btn.co.id/,1,dataset\raw\wayback\2022\S000501.html,
S000501,btn.co.id,50426,Tier3,2024,20240601,20240831,20240716033451,https://www.btn.co.id/,200,text/html,https://web.archive.org/web/20240716033451/https://www.btn.co.id/,1,dataset\raw\wayback\2024\S000501.html,
S000501,btn.co.id,50426,Tier3,2026,20260501,20260714,,,,,,0,,missing_snapshot
S000502,wjgnet.com,51774,Tier3,2022,20220601,20220831,20220715080656,https://wjgnet.com/,200,text/html,https://web.archive.org/web/20220715080656/https://wjgnet.com/,1,dataset\raw\wayback\2022\S000502.html,
S000502,wjgnet.com,51774,Tier3,2024,20240601,20240831,20240715122806,https://www.wjgnet.com/,200,text/html,https://web.archive.org/web/20240715122806/https://www.wjgnet.com/,1,dataset\raw\wayback\2024\S000502.html,
S000502,wjgnet.com,51774,Tier3,2026,20260601,20260714,20260711024336,https://www.wjgnet.com/,200,text/html,https://web.archive.org/web/20260711024336/https://www.wjgnet.com/,1,dataset\raw\wayback\2026\S000502.html,
S000503,lingxiuyun.net,55815,Tier3,2022,20220501,20220930,,,,,,0,,missing_snapshot
S000503,lingxiuyun.net,55815,Tier3,2024,20240501,20240930,,,,,,0,,missing_snapshot
S000503,lingxiuyun.net,55815,Tier3,2026,20260501,20260714,,,,,,0,,missing_snapshot
S000504,tendacn.com,56183,Tier3,2022,20220501,20220930,,,,,,0,,missing_snapshot
S000504,tendacn.com,56183,Tier3,2024,20240501,20240930,,,,,,0,,missing_snapshot
S000504,tendacn.com,56183,Tier3,2026,20260601,20260714,20260709131435,https://www.tendacn.com/,200,text/html,https://web.archive.org/web/20260709131435/https://www.tendacn.com/,1,dataset\raw\wayback\2026\S000504.html,
S000505,hubinternational.com,60645,Tier3,2022,20220601,20220831,20220717114349,https://www.hubinternational.com/,200,text/html,https://web.archive.org/web/20220717114349/https://www.hubinternational.com/,1,dataset\raw\wayback\2022\S000505.html,
S000505,hubinternational.com,60645,Tier3,2024,20240601,20240831,20240716195629,https://www.hubinternational.com/,200,text/html,https://web.archive.org/web/20240716195629/https://www.hubinternational.com/,1,dataset\raw\wayback\2024\S000505.html,
S000505,hubinternational.com,60645,Tier3,2026,20260601,20260714,20260701122210,https://www.hubinternational.com/,200,text/html,https://web.archive.org/web/20260701122210/https://www.hubinternational.com/,1,dataset\raw\wayback\2026\S000505.html,
S000506,isp.hu,63267,Tier3,2022,20220501,20220930,,,,,,0,,missing_snapshot
S000506,isp.hu,63267,Tier3,2024,20240501,20240930,,,,,,0,,missing_snapshot
S000506,isp.hu,63267,Tier3,2026,20260501,20260714,,,,,,0,,missing_snapshot
S000507,karmasearch.org,70325,Tier3,2022,20220601,20220831,20220707111119,https://karmasearch.org/,200,text/html,https://web.archive.org/web/20220707111119/https://karmasearch.org/,1,dataset\raw\wayback\2022\S000507.html,
S000507,karmasearch.org,70325,Tier3,2024,20240601,20240831,20240715024624,https://karmasearch.org/,200,text/html,https://web.archive.org/web/20240715024624/https://karmasearch.org/,1,dataset\raw\wayback\2024\S000507.html,
S000507,karmasearch.org,70325,Tier3,2026,20260601,20260714,20260705052214,https://karmasearch.org/,200,text/html,https://web.archive.org/web/20260705052214/https://karmasearch.org/,1,dataset\raw\wayback\2026\S000507.html,
S000508,cafepress.com.au,70481,Tier3,2022,20220601,20220831,20220715115409,https://www.cafepress.com.au/,200,text/html,https://web.archive.org/web/20220715115409/https://www.cafepress.com.au/,1,dataset\raw\wayback\2022\S000508.html,
S000508,cafepress.com.au,70481,Tier3,2024,20240601,20240831,20240715091458,https://www.cafepress.com.au/,200,text/html,https://web.archive.org/web/20240715091458/https://www.cafepress.com.au/,1,dataset\raw\wayback\2024\S000508.html,
S000508,cafepress.com.au,70481,Tier3,2026,20260601,20260714,20260712011543,https://www.cafepress.com.au/,200,text/html,https://web.archive.org/web/20260712011543/https://www.cafepress.com.au/,1,dataset\raw\wayback\2026\S000508.html,
S000509,atlantamagazine.com,71370,Tier3,2022,20220601,20220831,20220715014901,https://www.atlantamagazine.com/,200,text/html,https://web.archive.org/web/20220715014901/https://www.atlantamagazine.com/,1,dataset\raw\wayback\2022\S000509.html,
S000509,atlantamagazine.com,71370,Tier3,2024,20240601,20240831,20240717152927,https://www.atlantamagazine.com/,200,text/html,https://web.archive.org/web/20240717152927/https://www.atlantamagazine.com/,1,dataset\raw\wayback\2024\S000509.html,
S000509,atlantamagazine.com,71370,Tier3,2026,20260601,20260714,20260705051452,https://www.atlantamagazine.com/,200,text/html,https://web.archive.org/web/20260705051452/https://www.atlantamagazine.com/,1,dataset\raw\wayback\2026\S000509.html,
S000510,vbirfio.site,74814,Tier3,2022,20220501,20220930,,,,,,0,,missing_snapshot
S000510,vbirfio.site,74814,Tier3,2024,20240501,20240930,,,,,,0,,missing_snapshot
S000510,vbirfio.site,74814,Tier3,2026,20260501,20260714,,,,,,0,,missing_snapshot
S000511,devit.software,75612,Tier3,2022,20220501,20220930,,,,,,0,,missing_snapshot
S000511,devit.software,75612,Tier3,2024,20240601,20240831,20240720155423,https://devit.software/,200,text/html,https://web.archive.org/web/20240720155423/https://devit.software/,1,dataset\raw\wayback\2024\S000511.html,
S000511,devit.software,75612,Tier3,2026,20260501,20260714,,,,,,0,,missing_snapshot
S000512,nasscom.in,76926,Tier3,2022,20220601,20220831,20220712193612,https://nasscom.in/,200,text/html,https://web.archive.org/web/20220712193612/https://nasscom.in/,1,dataset\raw\wayback\2022\S000512.html,
S000512,nasscom.in,76926,Tier3,2024,20240601,20240831,20240714173106,https://www.nasscom.in/,200,text/html,https://web.archive.org/web/20240714173106/https://www.nasscom.in/,1,dataset\raw\wayback\2024\S000512.html,
S000512,nasscom.in,76926,Tier3,2026,20260601,20260714,20260703172628,https://www.nasscom.in/,200,text/html,https://web.archive.org/web/20260703172628/https://www.nasscom.in/,1,dataset\raw\wayback\2026\S000512.html,
S000513,pgs.io,78277,Tier3,2022,20220501,20220930,,,,,,0,,missing_snapshot
S000513,pgs.io,78277,Tier3,2024,20240501,20240930,,,,,,0,,missing_snapshot
S000513,pgs.io,78277,Tier3,2026,20260501,20260714,,,,,,0,,missing_snapshot
S000514,kktcarabam.com,78419,Tier3,2022,20220601,20220831,20220711212116,https://www.kktcarabam.com/,200,text/html,https://web.archive.org/web/20220711212116/https://www.kktcarabam.com/,1,dataset\raw\wayback\2022\S000514.html,
S000514,kktcarabam.com,78419,Tier3,2024,20240601,20240831,20240622010427,https://www.kktcarabam.com/,200,text/html,https://web.archive.org/web/20240622010427/https://www.kktcarabam.com/,1,dataset\raw\wayback\2024\S000514.html,
S000514,kktcarabam.com,78419,Tier3,2026,20260501,20260714,,,,,,0,,missing_snapshot
S000515,treatwell.de,78942,Tier3,2022,20220601,20220831,20220718052042,https://www.treatwell.de/,200,text/html,https://web.archive.org/web/20220718052042/https://www.treatwell.de/,1,dataset\raw\wayback\2022\S000515.html,
S000515,treatwell.de,78942,Tier3,2024,20240601,20240831,20240712084820,https://www.treatwell.de/,200,text/html,https://web.archive.org/web/20240712084820/https://www.treatwell.de/,1,dataset\raw\wayback\2024\S000515.html,
S000515,treatwell.de,78942,Tier3,2026,20260601,20260714,20260624114229,https://www.treatwell.de/,200,text/html,https://web.archive.org/web/20260624114229/https://www.treatwell.de/,1,dataset\raw\wayback\2026\S000515.html,
S000516,kadastr.ru,80095,Tier3,2022,20220601,20220831,20220714190314,https://www.kadastr.ru/,200,text/html,https://web.archive.org/web/20220714190314/https://www.kadastr.ru/,1,dataset\raw\wayback\2022\S000516.html,
S000516,kadastr.ru,80095,Tier3,2024,20240501,20240930,,,,,,0,,missing_snapshot
S000516,kadastr.ru,80095,Tier3,2026,20260501,20260714,,,,,,0,,missing_snapshot
S000517,udmercy.edu,80435,Tier3,2022,20220601,20220831,20220715163048,https://www.udmercy.edu/,200,text/html,https://web.archive.org/web/20220715163048/https://www.udmercy.edu/,1,dataset\raw\wayback\2022\S000517.html,
S000517,udmercy.edu,80435,Tier3,2024,20240601,20240831,20240712235552,https://www.udmercy.edu/,200,text/html,https://web.archive.org/web/20240712235552/https://www.udmercy.edu/,1,dataset\raw\wayback\2024\S000517.html,
S000517,udmercy.edu,80435,Tier3,2026,20260501,20260714,20260516072557,https://www.udmercy.edu/,200,text/html,https://web.archive.org/web/20260516072557/https://www.udmercy.edu/,1,dataset\raw\wayback\2026\S000517.html,
S000518,aescripts.com,82538,Tier3,2022,20220601,20220831,20220717152650,https://aescripts.com/,200,text/html,https://web.archive.org/web/20220717152650/https://aescripts.com/,1,dataset\raw\wayback\2022\S000518.html,
S000518,aescripts.com,82538,Tier3,2024,20240601,20240831,20240714030133,https://aescripts.com/,200,text/html,https://web.archive.org/web/20240714030133/https://aescripts.com/,1,dataset\raw\wayback\2024\S000518.html,
S000518,aescripts.com,82538,Tier3,2026,20260601,20260714,20260704070925,https://aescripts.com/,200,text/html,https://web.archive.org/web/20260704070925/https://aescripts.com/,1,dataset\raw\wayback\2026\S000518.html,
S000519,uzi.la,90116,Tier3,2022,20220501,20220930,,,,,,0,,missing_snapshot
S000519,uzi.la,90116,Tier3,2024,20240501,20240930,,,,,,0,,missing_snapshot
S000519,uzi.la,90116,Tier3,2026,20260501,20260714,,,,,,0,,missing_snapshot
S000520,derbund.ch,90606,Tier3,2022,20220601,20220831,20220715121106,https://www.derbund.ch/,200,text/html,https://web.archive.org/web/20220715121106/https://www.derbund.ch/,1,dataset\raw\wayback\2022\S000520.html,
S000520,derbund.ch,90606,Tier3,2024,20240601,20240831,20240716095641,https://www.derbund.ch/,200,text/html,https://web.archive.org/web/20240716095641/https://www.derbund.ch/,1,dataset\raw\wayback\2024\S000520.html,
S000520,derbund.ch,90606,Tier3,2026,20260601,20260714,20260710145819,https://www.derbund.ch/,200,text/html,https://web.archive.org/web/20260710145819/https://www.derbund.ch/,1,dataset\raw\wayback\2026\S000520.html,
S000521,diaart.org,92214,Tier3,2022,20220601,20220831,20220716202539,https://www.diaart.org/,200,text/html,https://web.archive.org/web/20220716202539/https://www.diaart.org/,1,dataset\raw\wayback\2022\S000521.html,
S000521,diaart.org,92214,Tier3,2024,20240601,20240831,20240715090127,https://www.diaart.org/,200,text/html,https://web.archive.org/web/20240715090127/https://www.diaart.org/,1,dataset\raw\wayback\2024\S000521.html,
S000521,diaart.org,92214,Tier3,2026,20260601,20260714,20260712095134,https://diaart.org/,200,text/html,https://web.archive.org/web/20260712095134/https://diaart.org/,1,dataset\raw\wayback\2026\S000521.html,
S000522,bv26qb11.com,93065,Tier3,2022,20220501,20220930,,,,,,0,,missing_snapshot
S000522,bv26qb11.com,93065,Tier3,2024,20240501,20240930,,,,,,0,,missing_snapshot
S000522,bv26qb11.com,93065,Tier3,2026,20260501,20260714,,,,,,0,,missing_snapshot
S000523,jivo-ce.jp,96543,Tier3,2022,20220501,20220930,,,,,,0,,missing_snapshot
S000523,jivo-ce.jp,96543,Tier3,2024,20240501,20240930,,,,,,0,,missing_snapshot
S000523,jivo-ce.jp,96543,Tier3,2026,20260501,20260714,,,,,,0,,missing_snapshot
S000524,sporttiuutiset.fi,98459,Tier3,2022,20220501,20220930,,,,,,0,,missing_snapshot
S000524,sporttiuutiset.fi,98459,Tier3,2024,20240601,20240831,20240713030505,https://sporttiuutiset.fi/,200,text/html,https://web.archive.org/web/20240713030505/https://sporttiuutiset.fi/,1,dataset\raw\wayback\2024\S000524.html,
S000524,sporttiuutiset.fi,98459,Tier3,2026,20260601,20260714,20260705064742,https://sporttiuutiset.fi/,200,text/html,https://web.archive.org/web/20260705064742/https://sporttiuutiset.fi/,0,,invalid_html
S000525,whiplashapi.com,102658,Tier3,2022,20220501,20220930,,,,,,0,,missing_snapshot
S000525,whiplashapi.com,102658,Tier3,2024,20240501,20240930,,,,,,0,,missing_snapshot
S000525,whiplashapi.com,102658,Tier3,2026,20260501,20260714,,,,,,0,,missing_snapshot
S000526,romyilano.com,102728,Tier3,2022,20220501,20220930,,,,,,0,,missing_snapshot
S000526,romyilano.com,102728,Tier3,2024,20240601,20240831,20240623011520,http://romyilano.com/,200,text/html,https://web.archive.org/web/20240623011520/http://romyilano.com/,1,dataset\raw\wayback\2024\S000526.html,
S000526,romyilano.com,102728,Tier3,2026,20260501,20260714,20260511115827,http://www.romyilano.com/,200,text/html,https://web.archive.org/web/20260511115827/http://www.romyilano.com/,1,dataset\raw\wayback\2026\S000526.html,
S000527,mastodon.xyz,104616,Tier3,2022,20220501,20220930,,,,,,0,,missing_snapshot
S000527,mastodon.xyz,104616,Tier3,2024,20240601,20240831,20240713025658,https://mastodon.xyz/,200,text/html,https://web.archive.org/web/20240713025658/https://mastodon.xyz/,1,dataset\raw\wayback\2024\S000527.html,
S000527,mastodon.xyz,104616,Tier3,2026,20260601,20260714,20260626134214,https://mastodon.xyz/,200,text/html,https://web.archive.org/web/20260626134214/https://mastodon.xyz/,1,dataset\raw\wayback\2026\S000527.html,
S000528,cgpb.ru,115291,Tier3,2022,20220501,20220930,,,,,,0,,missing_snapshot
S000528,cgpb.ru,115291,Tier3,2024,20240501,20240930,,,,,,0,,missing_snapshot
S000528,cgpb.ru,115291,Tier3,2026,20260501,20260714,,,,,,0,,missing_snapshot
S000529,lead411.com,117349,Tier3,2022,20220601,20220831,20220714162029,https://www.lead411.com/,200,text/html,https://web.archive.org/web/20220714162029/https://www.lead411.com/,1,dataset\raw\wayback\2022\S000529.html,
S000529,lead411.com,117349,Tier3,2024,20240601,20240831,20240713014238,https://www.lead411.com/,200,text/html,https://web.archive.org/web/20240713014238/https://www.lead411.com/,1,dataset\raw\wayback\2024\S000529.html,
S000529,lead411.com,117349,Tier3,2026,20260501,20260714,20260531013935,https://www.lead411.com/,200,text/html,https://web.archive.org/web/20260531013935/https://www.lead411.com/,1,dataset\raw\wayback\2026\S000529.html,
S000530,paulsmith.com,121952,Tier3,2022,20220601,20220831,20220625082525,https://www.paulsmith.com,200,text/html,https://web.archive.org/web/20220625082525/https://www.paulsmith.com,1,dataset\raw\wayback\2022\S000530.html,
S000530,paulsmith.com,121952,Tier3,2024,20240601,20240831,20240716230944,https://www.paulsmith.com/,200,text/html,https://web.archive.org/web/20240716230944/https://www.paulsmith.com/,1,dataset\raw\wayback\2024\S000530.html,
S000530,paulsmith.com,121952,Tier3,2026,20260501,20260714,,,,,,0,,missing_snapshot
S000531,theburningplatform.com,122307,Tier3,2022,20220601,20220831,20220714235859,https://www.theburningplatform.com/,200,text/html,https://web.archive.org/web/20220714235859/https://www.theburningplatform.com/,1,dataset\raw\wayback\2022\S000531.html,
S000531,theburningplatform.com,122307,Tier3,2024,20240601,20240831,20240713081405,https://www.theburningplatform.com/,200,text/html,https://web.archive.org/web/20240713081405/https://www.theburningplatform.com/,1,dataset\raw\wayback\2024\S000531.html,
S000531,theburningplatform.com,122307,Tier3,2026,20260601,20260714,20260714033148,https://www.theburningplatform.com/,200,text/html,https://web.archive.org/web/20260714033148/https://www.theburningplatform.com/,1,dataset\raw\wayback\2026\S000531.html,
S000532,internetwerk.de,122793,Tier3,2022,20220601,20220831,20220721084745,https://www.internetwerk.de/,200,text/html,https://web.archive.org/web/20220721084745/https://www.internetwerk.de/,1,dataset\raw\wayback\2022\S000532.html,
S000532,internetwerk.de,122793,Tier3,2024,20240601,20240831,20240715180848,https://www.internetwerk.de/,200,text/html,https://web.archive.org/web/20240715180848/https://www.internetwerk.de/,1,dataset\raw\wayback\2024\S000532.html,
S000532,internetwerk.de,122793,Tier3,2026,20260501,20260714,20260512193025,https://www.internetwerk.de/,200,text/html,https://web.archive.org/web/20260512193025/https://www.internetwerk.de/,1,dataset\raw\wayback\2026\S000532.html,
S000533,istripper.com,123373,Tier3,2022,20220601,20220831,20220715101303,https://www.istripper.com/,200,text/html,https://web.archive.org/web/20220715101303/https://www.istripper.com/,1,dataset\raw\wayback\2022\S000533.html,
S000533,istripper.com,123373,Tier3,2024,20240601,20240831,20240714222309,https://www.istripper.com,200,text/html,https://web.archive.org/web/20240714222309/https://www.istripper.com,1,dataset\raw\wayback\2024\S000533.html,
S000533,istripper.com,123373,Tier3,2026,20260601,20260714,20260622072219,https://www.istripper.com/,200,text/html,https://web.archive.org/web/20260622072219/https://www.istripper.com/,1,dataset\raw\wayback\2026\S000533.html,
S000534,infotecs.ru,126366,Tier3,2022,20220601,20220831,20220712090039,https://infotecs.ru/,200,text/html,https://web.archive.org/web/20220712090039/https://infotecs.ru/,1,dataset\raw\wayback\2022\S000534.html,
S000534,infotecs.ru,126366,Tier3,2024,20240601,20240831,20240714023316,https://infotecs.ru/,200,text/html,https://web.archive.org/web/20240714023316/https://infotecs.ru/,1,dataset\raw\wayback\2024\S000534.html,
S000534,infotecs.ru,126366,Tier3,2026,20260601,20260714,20260630213246,https://infotecs.ru/,200,text/html,https://web.archive.org/web/20260630213246/https://infotecs.ru/,1,dataset\raw\wayback\2026\S000534.html,
S000535,mobigoro.top,129689,Tier3,2022,20220501,20220930,,,,,,0,,missing_snapshot
S000535,mobigoro.top,129689,Tier3,2024,20240501,20240930,,,,,,0,,missing_snapshot
S000535,mobigoro.top,129689,Tier3,2026,20260501,20260714,,,,,,0,,missing_snapshot
S000536,ronpaulinstitute.org,131248,Tier3,2022,20220601,20220831,20220715184426,http://ronpaulinstitute.org/,200,text/html,https://web.archive.org/web/20220715184426/http://ronpaulinstitute.org/,1,dataset\raw\wayback\2022\S000536.html,
S000536,ronpaulinstitute.org,131248,Tier3,2024,20240601,20240831,20240716043312,https://ronpaulinstitute.org/,200,text/html,https://web.archive.org/web/20240716043312/https://ronpaulinstitute.org/,1,dataset\raw\wayback\2024\S000536.html,
S000536,ronpaulinstitute.org,131248,Tier3,2026,20260601,20260714,20260712015135,https://ronpaulinstitute.org/,200,text/html,https://web.archive.org/web/20260712015135/https://ronpaulinstitute.org/,1,dataset\raw\wayback\2026\S000536.html,
S000537,sheffieldfinancial.com,134492,Tier3,2022,20220601,20220831,20220701171651,https://www.sheffieldfinancial.com/,200,text/html,https://web.archive.org/web/20220701171651/https://www.sheffieldfinancial.com/,1,dataset\raw\wayback\2022\S000537.html,
S000537,sheffieldfinancial.com,134492,Tier3,2024,20240601,20240831,20240715144126,https://www.sheffieldfinancial.com/,200,text/html,https://web.archive.org/web/20240715144126/https://www.sheffieldfinancial.com/,1,dataset\raw\wayback\2024\S000537.html,
S000537,sheffieldfinancial.com,134492,Tier3,2026,20260601,20260714,20260709223926,https://www.sheffieldfinancial.com/,200,text/html,https://web.archive.org/web/20260709223926/https://www.sheffieldfinancial.com/,1,dataset\raw\wayback\2026\S000537.html,
S000538,herzporno.net,135885,Tier3,2022,20220501,20220930,,,,,,0,,missing_snapshot
S000538,herzporno.net,135885,Tier3,2024,20240601,20240831,20240621233002,https://www.herzporno.net/,200,text/html,https://web.archive.org/web/20240621233002/https://www.herzporno.net/,1,dataset\raw\wayback\2024\S000538.html,
S000538,herzporno.net,135885,Tier3,2026,20260501,20260714,20260515164452,https://www.herzporno.net/,200,text/html,https://web.archive.org/web/20260515164452/https://www.herzporno.net/,1,dataset\raw\wayback\2026\S000538.html,
S000539,hongboluo.com,138026,Tier3,2022,20220501,20220930,,,,,,0,,missing_snapshot
S000539,hongboluo.com,138026,Tier3,2024,20240501,20240930,,,,,,0,,missing_snapshot
S000539,hongboluo.com,138026,Tier3,2026,20260501,20260714,,,,,,0,,missing_snapshot
S000540,ubisoft.cn,138915,Tier3,2022,20220501,20220930,20220501175947,http://www.ubisoft.cn/,200,text/html,https://web.archive.org/web/20220501175947/http://www.ubisoft.cn/,1,dataset\raw\wayback\2022\S000540.html,
S000540,ubisoft.cn,138915,Tier3,2024,20240501,20240930,,,,,,0,,missing_snapshot
S000540,ubisoft.cn,138915,Tier3,2026,20260501,20260714,,,,,,0,,missing_snapshot
S000541,secureclouddns.net,140873,Tier3,2022,20220601,20220831,20220703001626,http://secureclouddns.net/,200,text/html,https://web.archive.org/web/20220703001626/http://secureclouddns.net/,1,dataset\raw\wayback\2022\S000541.html,
S000541,secureclouddns.net,140873,Tier3,2024,20240501,20240930,,,,,,0,,missing_snapshot
S000541,secureclouddns.net,140873,Tier3,2026,20260501,20260714,,,,,,0,,missing_snapshot
S000542,kurskmed.com,147924,Tier3,2022,20220601,20220831,20220712063234,https://kurskmed.com/,200,text/html,https://web.archive.org/web/20220712063234/https://kurskmed.com/,1,dataset\raw\wayback\2022\S000542.html,
S000542,kurskmed.com,147924,Tier3,2024,20240601,20240831,20240717114605,https://kurskmed.com/,200,text/html,https://web.archive.org/web/20240717114605/https://kurskmed.com/,1,dataset\raw\wayback\2024\S000542.html,
S000542,kurskmed.com,147924,Tier3,2026,20260601,20260714,20260708182341,https://kurskmed.com/,200,text/html,https://web.archive.org/web/20260708182341/https://kurskmed.com/,1,dataset\raw\wayback\2026\S000542.html,
S000543,init-ag.de,156852,Tier3,2022,20220501,20220930,,,,,,0,,missing_snapshot
S000543,init-ag.de,156852,Tier3,2024,20240501,20240930,,,,,,0,,missing_snapshot
S000543,init-ag.de,156852,Tier3,2026,20260501,20260714,,,,,,0,,missing_snapshot
S000544,jdsports.my,160666,Tier3,2022,20220601,20220831,20220701040332,https://www.jdsports.my/,200,text/html,https://web.archive.org/web/20220701040332/https://www.jdsports.my/,1,dataset\raw\wayback\2022\S000544.html,
S000544,jdsports.my,160666,Tier3,2024,20240601,20240831,20240716040240,https://www.jdsports.my/,200,text/html,https://web.archive.org/web/20240716040240/https://www.jdsports.my/,1,dataset\raw\wayback\2024\S000544.html,
S000544,jdsports.my,160666,Tier3,2026,20260601,20260714,20260708172956,https://www.jdsports.my/,200,text/html,https://web.archive.org/web/20260708172956/https://www.jdsports.my/,1,dataset\raw\wayback\2026\S000544.html,
S000545,colorfulhappyapp.com,161765,Tier3,2022,20220501,20220930,,,,,,0,,missing_snapshot
S000545,colorfulhappyapp.com,161765,Tier3,2024,20240501,20240930,,,,,,0,,missing_snapshot
S000545,colorfulhappyapp.com,161765,Tier3,2026,20260501,20260714,,,,,,0,,missing_snapshot
S000546,buyrentkenya.com,163347,Tier3,2022,20220601,20220831,20220704150532,https://www.buyrentkenya.com/,200,text/html,https://web.archive.org/web/20220704150532/https://www.buyrentkenya.com/,1,dataset\raw\wayback\2022\S000546.html,
S000546,buyrentkenya.com,163347,Tier3,2024,20240601,20240831,20240717222640,https://www.buyrentkenya.com/,200,text/html,https://web.archive.org/web/20240717222640/https://www.buyrentkenya.com/,1,dataset\raw\wayback\2024\S000546.html,
S000546,buyrentkenya.com,163347,Tier3,2026,20260601,20260714,20260704100447,https://www.buyrentkenya.com/,200,text/html,https://web.archive.org/web/20260704100447/https://www.buyrentkenya.com/,0,,invalid_html
S000547,advogato.org,163350,Tier3,2022,20220501,20220930,,,,,,0,,missing_snapshot
S000547,advogato.org,163350,Tier3,2024,20240501,20240930,,,,,,0,,missing_snapshot
S000547,advogato.org,163350,Tier3,2026,20260501,20260714,,,,,,0,,missing_snapshot
S000548,techintgroup.net,163669,Tier3,2022,20220501,20220930,,,,,,0,,missing_snapshot
S000548,techintgroup.net,163669,Tier3,2024,20240501,20240930,,,,,,0,,missing_snapshot
S000548,techintgroup.net,163669,Tier3,2026,20260501,20260714,,,,,,0,,missing_snapshot
S000549,chu-rouen.fr,169947,Tier3,2022,20220601,20220831,20220715121509,https://www.chu-rouen.fr/,200,text/html,https://web.archive.org/web/20220715121509/https://www.chu-rouen.fr/,1,dataset\raw\wayback\2022\S000549.html,
S000549,chu-rouen.fr,169947,Tier3,2024,20240601,20240831,20240715112554,https://www.chu-rouen.fr/,200,text/html,https://web.archive.org/web/20240715112554/https://www.chu-rouen.fr/,1,dataset\raw\wayback\2024\S000549.html,
S000549,chu-rouen.fr,169947,Tier3,2026,20260601,20260714,20260620111323,https://www.chu-rouen.fr/,200,text/html,https://web.archive.org/web/20260620111323/https://www.chu-rouen.fr/,1,dataset\raw\wayback\2026\S000549.html,
S000550,tam-voyages.com,170097,Tier3,2022,20220601,20220831,20220602080216,https://www.tam-voyages.com/,200,text/html,https://web.archive.org/web/20220602080216/https://www.tam-voyages.com/,1,dataset\raw\wayback\2022\S000550.html,
S000550,tam-voyages.com,170097,Tier3,2024,20240601,20240831,20240714211457,https://www.tam-voyages.com/,200,text/html,https://web.archive.org/web/20240714211457/https://www.tam-voyages.com/,1,dataset\raw\wayback\2024\S000550.html,
S000550,tam-voyages.com,170097,Tier3,2026,20260601,20260714,20260629090031,https://www.tam-voyages.com/,200,text/html,https://web.archive.org/web/20260629090031/https://www.tam-voyages.com/,1,dataset\raw\wayback\2026\S000550.html,
